Workbook

Sheet detail - working
A1: Insurance, bonding and surety exposure schedule — supporting detail
A2: Broker schedules and internal job list use different project names; mapping remains manual. Source amounts reflect the current 6/30 company records.
A5: record | B5: date | C5: category | D5: dimension | E5: description | F5: source amount | G5: documented adjustment | H5: working amount | I5: status | J5: source / cutoff
A6: POL-1 | B6: 2026-07-01 | C6: Commercial general liability | D6: Travelers | E6: 2026-07-01 to 2027-07-01; limit 2,000,000; deductible 25,000 | F6: 284000 | G6: 0 | H6: =F6+G6 | I6: Broker draft - bind pending | J6: broker draft + internal schedule
A7: POL-2 | B7: 2026-07-01 | C7: Business auto | D7: Travelers | E7: 2026-07-01 to 2027-07-01; limit 1,000,000; deductible 5,000 | F7: 196000 | G7: 0 | H7: =F7+G7 | I7: Fleet reconciliation open | J7: broker draft + internal schedule
A8: POL-3 | B8: 2026-07-01 | C8: Workers compensation | D8: SAIF | E8: 2026-07-01 to 2027-07-01; limit 1,000,000; deductible 0 | F8: 442000 | G8: 0 | H8: =F8+G8 | I8: Payroll exposure review | J8: broker draft + internal schedule
A9: POL-4 | B9: 2026-07-01 | C9: Umbrella | D9: Chubb | E9: 2026-07-01 to 2027-07-01; limit 10,000,000; deductible 10,000 | F9: 138000 | G9: 0 | H9: =F9+G9 | I9: Quoted | J9: broker draft + internal schedule
A10: POL-5 | B10: 2026-07-01 | C10: Inland marine / tools | D10: Travelers | E10: 2026-07-01 to 2027-07-01; limit 3,500,000; deductible 10,000 | F10: 82000 | G10: 0 | H10: =F10+G10 | I10: Equipment schedule open | J10: broker draft + internal schedule
A11: EXP-ARM-2318 | B11: 2026-06-30 | C11: open-project exposure | D11: ARM-2318 | E11: Columbia Biologics Clean Utilities; unearned contract exposure | F11: 280434.35 | G11: 0 | H11: =F11+G11 | I11: Substantially Complete | J11: WIP schedule / surety exposure mapping
A12: EXP-ARM-2403 | B12: 2026-06-30 | C12: open-project exposure | D12: ARM-2403 | E12: Riverton Civic Center HVAC Renewal; unearned contract exposure | F12: 1169422.9 | G12: 0 | H12: =F12+G12 | I12: Active | J12: WIP schedule / surety exposure mapping
A13: EXP-ARM-2409 | B13: 2026-06-30 | C13: open-project exposure | D13: ARM-2409 | E13: Northline Cold Storage Expansion; unearned contract exposure | F13: 944227.09 | G13: 0 | H13: =F13+G13 | I13: Active | J13: WIP schedule / surety exposure mapping
A14: EXP-ARM-2412 | B14: 2026-06-30 | C14: open-project exposure | D14: ARM-2412 | E14: OSU Kelley Engineering Lab Ventilation; unearned contract exposure | F14: 1248834.3 | G14: 0 | H14: =F14+G14 | I14: Active | J14: WIP schedule / surety exposure mapping
A15: EXP-ARM-2417 | B15: 2026-06-30 | C15: open-project exposure | D15: ARM-2417 | E15: Cascade Health Ambulatory Pavilion; unearned contract exposure | F15: 4084040.5 | G15: 0 | H15: =F15+G15 | I15: Active | J15: WIP schedule / surety exposure mapping
A16: EXP-ARM-2421 | B16: 2026-06-30 | C16: open-project exposure | D16: ARM-2421 | E16: Juniper Hotel Boiler Plant Replacement; unearned contract exposure | F16: 40449.25 | G16: 0 | H16: =F16+G16 | I16: Warranty | J16: WIP schedule / surety exposure mapping
A17: EXP-ARM-2501 | B17: 2026-06-30 | C17: open-project exposure | D17: ARM-2501 | E17: PDX Concourse E Controls Retrofit; unearned contract exposure | F17: 1178489 | G17: 0 | H17: =F17+G17 | I17: Active | J17: WIP schedule / surety exposure mapping
... A26: EXP-ARM-2608 | B26: 2026-06-30 | C26: open-project exposure | D26: ARM-2608 | E26: Cascade Health Imaging Suite Controls; unearned contract exposure | F26: 1235070 | G26: 0 | H26: =F26+G26 | I26: Active | J26: WIP schedule / surety exposure mapping

Sheet working summary
A1: Insurance, bonding and surety exposure schedule
A2: Owner-maintained finance workpaper | working / not final | formula summary from detail
A5: category | B5: record count | C5: source total | D5: documented adj | E5: working total | F5: owner | G5: status | H5: interpretation
A6: Commercial general liability | B6: =COUNTIF('detail - working'!C6:C26,A6) | C6: =SUMIF('detail - working'!C6:C26,A6,'detail - working'!F6:F26) | D6: =SUMIF('detail - working'!C6:C26,A6,'detail - working'!G6:G26) | E6: =C6+D6 | F6: NB | G6: review | H6: Documented timing/classification item; not an arbitrary plug
A7: Business auto | B7: =COUNTIF('detail - working'!C6:C26,A7) | C7: =SUMIF('detail - working'!C6:C26,A7,'detail - working'!F6:F26) | D7: =SUMIF('detail - working'!C6:C26,A7,'detail - working'!G6:G26) | E7: =C7+D7 | F7: KS | G7: tied | H7: Formula-linked to full supporting detail
A8: Workers compensation | B8: =COUNTIF('detail - working'!C6:C26,A8) | C8: =SUMIF('detail - working'!C6:C26,A8,'detail - working'!F6:F26) | D8: =SUMIF('detail - working'!C6:C26,A8,'detail - working'!G6:G26) | E8: =C8+D8 | F8: OL | G8: tied | H8: Formula-linked to full supporting detail
A9: Umbrella | B9: =COUNTIF('detail - working'!C6:C26,A9) | C9: =SUMIF('detail - working'!C6:C26,A9,'detail - working'!F6:F26) | D9: =SUMIF('detail - working'!C6:C26,A9,'detail - working'!G6:G26) | E9: =C9+D9 | F9: MW | G9: tied | H9: Formula-linked to full supporting detail
A10: Inland marine / tools | B10: =COUNTIF('detail - working'!C6:C26,A10) | C10: =SUMIF('detail - working'!C6:C26,A10,'detail - working'!F6:F26) | D10: =SUMIF('detail - working'!C6:C26,A10,'detail - working'!G6:G26) | E10: =C10+D10 | F10: MP | G10: tied | H10: Formula-linked to full supporting detail
A11: open-project exposure | B11: =COUNTIF('detail - working'!C6:C26,A11) | C11: =SUMIF('detail - working'!C6:C26,A11,'detail - working'!F6:F26) | D11: =SUMIF('detail - working'!C6:C26,A11,'detail - working'!G6:G26) | E11: =C11+D11 | F11: PR | G11: review | H11: Documented timing/classification item; not an arbitrary plug

Sheet links + lineage
A1: Workbook links and lineage
A2: External links are convenience references; imported source tabs and the 6/30 ERP cutoff remain the auditable basis.
A5: upstream source | B5: role | C5: cutoff/version | D5: link behavior | E5: current imported total | F5: control note
A6: prepaids_amort sched FY26 - copy.xlsx | B6: primary upstream workbook/import | C6: 6/30/26 or named version | D6: Owner refreshes the imported source tab or scheduled query before close | E6: =SUM('detail - working'!H6:H26) | F6: Imported detail is retained so the workbook remains auditable without a live connection
A7: Vista ERP | B7: posted actuals | C7: 2026-06-30 | D7: scheduled report export | E7: =SUM('detail - working'!F6:F26) | F7: Authoritative for posted balances and transactions
A8: FY26 Op Plan_BoardApproved_12.18.25_FINAL2.xlsx | B8: plan | C8: approved 12/18/25 | D8: external workbook | E8: =0 | F8: Authoritative approved plan, not actuals
A9: WIP 5.31.26_FINAL_v7_revised NB.xlsx | B9: prior close | C9: 2026-05-31 | D9: external workbook | E9: =0 | F9: Prior-period baseline only
A10: manual owner evidence | B10: judgment / classification | C10: noted per row | D10: documented adjustment column | E10: =SUM('detail - working'!G6:G26) | F10: No silent plugs permitted

Sheet checks + signoff
A1: Insurance, bonding and surety exposure schedule — checks / sign-off
A2: Formula-driven arithmetic, population and lineage controls
A5: check | B5: expected | C5: actual / delta | D5: result | E5: explanation | F5: reviewer
A6: Detail arithmetic | B6: 0 | C6: =SUM('detail - working'!H6:H26)-SUM('detail - working'!F6:F26)-SUM('detail - working'!G6:G26) | D6: =IF(ABS(C6)<0.01,"PASS","FAIL") | E6: Working amount equals source plus documented adjustment
A7: Population count | B7: 21 | C7: =COUNTA('detail - working'!A6:A26) | D7: =IF(C7=B7,"PASS","FAIL") | E7: Full source population used for this workpaper
A8: Source lineage present | B8: 21 | C8: =COUNTA('detail - working'!J6:J26) | D8: =IF(C8=B8,"PASS","FAIL") | E8: Every row names a source/cutoff
A9: Silent adjustment check | B9: 0 | C9: =COUNTBLANK('detail - working'!G6:G26)-COUNTBLANK('detail - working'!A6:A26) | D9: =IF(C9=0,"PASS","FAIL") | E9: All adjustments are visible in column G
A10: Reviewer sign-off | B10: required | C10: pending | D10: =IF(C10=B10,"PASS","OPEN") | E10: Working file; sign-off remains open
